n,mean_min,mean_max,dev_min,dev_max
20,-0.35827139119406065,0.6113596262052929,0.7952063042551994,1.500973069762582
100,-0.1314780867394008,0.27032848279794736,0.8896396449981466,1.1753994688383744
