n,mean_min,mean_max,dev_min,dev_max
20,-0.016702182695281786,0.9279529662417499,0.24161299441654271,0.2935322632347216
100,0.28625133106853673,0.6880579006058849,0.2553160495621918,0.3041167773785939
